kingdom	phylum	class	order	family	name	genus	species	author	taxonID	total_wiki_pgviews	wiki_langs	wiki_mean_month_pgviews
Animalia	Acanthocephala	Eoacanthocephala	Gyracanthocephala	Quadrigyridae	Acanthogyrus bilaspurensis	Acanthogyrus	bilaspurensis	(Chowhan, Gupta & Khera, 1987)	7791695	NA	NA	NA
Animalia	Acanthocephala	Eoacanthocephala	Neoechinorhynchida	Neoechinorhynchidae	Paraechinorhynchus kalriai	Paraechinorhynchus	kalriai	Bilqees & Khan, 1983	7013439	NA	NA	NA
Animalia	Acanthocephala	Palaeacanthocephala	Heteramorphida	Pyrirhynchidae	Pyrirhynchus heterospinus	Pyrirhynchus	heterospinus	H.a.Amin, 2008	7376954	NA	NA	NA
Animalia	Acanthocephala	Palaeacanthocephala	Polymorphida	Plagiorhynchidae	Porrorchis kinsellai	Porrorchis	kinsellai	Lisitsyna, Tkach & Bush, 2012	8211667	NA	NA	NA
Animalia	Annelida	Clitellata	Crassiclitellata	Acanthodrilidae	Diplotrema ridei	Diplotrema	ridei	Jamieson & Dyne, 1976	5815685	NA	NA	NA
Animalia	Annelida	Clitellata	Crassiclitellata	Lumbricidae	Allolobophora carneluttii	Allolobophora	carneluttii	Mrsic, 1990	8810516	NA	NA	NA
Animalia	Annelida	Clitellata	Crassiclitellata	Lumbricidae	Lumbricus eugeniae	Lumbricus	eugeniae	Kinberg, 1867	8846136	NA	NA	NA
Animalia	Annelida	Clitellata	Enchytraeida	Enchytraeidae	Neoenchytraeus wejdowskyi	Neoenchytraeus	wejdowskyi	Eisen, 1879	8862010	NA	NA	NA
Animalia	Annelida	Clitellata	Euhirudinea	Salifidae	Salifa perspicax	Salifa	perspicax	R.Blanchard, 1897	9189792	NA	NA	NA
Animalia	Annelida	Clitellata	Haplotaxida	Glossoscolecidae	Andiorrhinus barrosoi	Andiorrhinus	barrosoi	Hernández-García, Bartz, Guerrero, Sousa, Rousseau & James, 2018	9831022	NA	NA	NA
Animalia	Annelida	Clitellata	Haplotaxida	Microchaetidae	Proandricus entumeni	Proandricus	entumeni	Plisko, 1992	9431720	NA	NA	NA
Animalia	Annelida	Clitellata	Haplotaxida	Ocnerodrilidae	Ocnerodrilus occidentalis	Ocnerodrilus	occidentalis	Eisen, 1878	4410231	NA	NA	NA
Animalia	Annelida	Clitellata	Lumbriculida	Lumbriculidae	Saenuris batillifera	Saenuris	batillifera	Schmankdewitsch, 1873	9706899	NA	NA	NA
Animalia	Annelida	Clitellata	Opisthopora	Megascolecidae	Amynthas shanghangensis	Amynthas	shanghangensis	Sun, Jiang, Bartlam, Qiu & Hu, 2018	10422480	NA	NA	NA
Animalia	Annelida	Clitellata	Opisthopora	Megascolecidae	Anisogaster remora	Anisogaster	remora	Blakemore, 2000	5815609	NA	NA	NA
Animalia	Annelida	Clitellata	Opisthopora	Megascolecidae	Perionychella perionychopsis	Perionychella	perionychopsis	(Benham, 1909)	2307569	NA	NA	NA
Animalia	Annelida	Polychaeta	Phyllodocida	Hesionidae	Oxydromus pugettensis	Oxydromus	pugettensis	(Johnson, 1901)	7189822	NA	NA	NA
Animalia	Annelida	Polychaeta	Sabellida	Oweniidae	Galathowenia arafurensis	Galathowenia	arafurensis	Capa, Parapar & Hutchings, 2012	9194243	NA	NA	NA
Animalia	Annelida	Polychaeta	Sabellida	Sabellidae	Dialychone longiseta	Dialychone	longiseta	(Giangrande, 1992)	8951418	NA	NA	NA
Animalia	Annelida	Polychaeta	Terebellida	Terebellidae	Longicarpus modestus	Longicarpus	modestus	(Quatrefages, 1866)	4810856	NA	NA	NA
Animalia	Arthropoda	Arachnida	Araneae	Araneidae	Plebs eburnus	Plebs	eburnus	(Keyserling, 1886)	7671975	NA	NA	NA
Animalia	Arthropoda	Arachnida	Araneae	Oonopidae	Opopaea douglasi	Opopaea	douglasi	Baehr, 2013	8382816	NA	NA	NA
Animalia	Arthropoda	Arachnida	Araneae	Pholcidae	Calapnita saluang	Calapnita	saluang	Huber, 2011	8088295	NA	NA	NA
Animalia	Arthropoda	Arachnida	Holothyrida	Holothyridae	Haplothyrus expolitissimus	Haplothyrus	expolitissimus	(Berlese, 1924)	6892347	NA	NA	NA
Animalia	Arthropoda	Arachnida	Mesostigmata	Ascidae	Proctolaelaps parascolyti	Proctolaelaps	parascolyti	Costa, 1963	8644009	NA	NA	NA
Animalia	Arthropoda	Arachnida	Mesostigmata	Eviphididae	Iphidosoma physogastris	Iphidosoma	physogastris	Karg, 1971	4549160	NA	NA	NA
Animalia	Arthropoda	Arachnida	Mesostigmata	Polyaspididae	Uroseius infirmus	Uroseius	infirmus	(Berlese, 1887)	4549734	NA	NA	NA
Animalia	Arthropoda	Arachnida	Mesostigmata	Zerconidae	Zercon montanus	Zercon	montanus	Willmann, 1943	4548195	NA	NA	NA
Animalia	Arthropoda	Arachnida	Opiliones	Cosmetidae	Rhaucus quinquelineatus	Rhaucus	quinquelineatus	Simon, 1879	6907071	NA	NA	NA
Animalia	Arthropoda	Arachnida	Opiliones	Ischyropsalididae	Acuclavella leonardi	Acuclavella	leonardi	Richart & Hedin, 2013	9145879	NA	NA	NA
Animalia	Arthropoda	Arachnida	Opiliones	Phalangodidae	Bogania distincta	Bogania	distincta	Cantrell, 1980	4661572	NA	NA	NA
Animalia	Arthropoda	Arachnida	Opiliones	Trogulidae	Trogulus cristatus	Trogulus	cristatus	Simon, 1879	6906619	NA	NA	NA
Animalia	Arthropoda	Arachnida	Prostigmata	Eriophyidae	Cecidophyes galii	Cecidophyes	galii	(Karpelles, 1884)	4543495	NA	NA	NA
Animalia	Arthropoda	Arachnida	Prostigmata	Erythraeidae	Leptus vertex	Leptus	vertex	(Kramer, 1886)	6919564	NA	NA	NA
Animalia	Arthropoda	Arachnida	Prostigmata	Phytoptidae	Phytoptus lateannulatus	Phytoptus	lateannulatus	Schultze, 1918	8442835	NA	NA	NA
Animalia	Arthropoda	Arachnida	Prostigmata	Trombiculidae	Neotrombicula vulgaris	Neotrombicula	vulgaris	(Schluger, 1955)	4541093	NA	NA	NA
Animalia	Arthropoda	Arachnida	Sarcoptiformes	Ceratozetidae	Melanozetes mollisimilis	Melanozetes	mollisimilis	Schweizer, 1956	4546633	NA	NA	NA
Animalia	Arthropoda	Arachnida	Sarcoptiformes	Oppiidae	Medioppia globosa	Medioppia	globosa	(Mihelcic, 1956)	4545428	NA	NA	NA
Animalia	Arthropoda	Arachnida	Sarcoptiformes	Proctophyllodidae	Monojoubertia hemiphylla	Monojoubertia	hemiphylla	(Megnin, 1877)	4547729	NA	NA	NA
Animalia	Arthropoda	Arachnida	Sarcoptiformes	Proctophyllodidae	Proctophyllodes ciae	Proctophyllodes	ciae	Bauer, 1939	4547777	NA	NA	NA
Animalia	Arthropoda	Arachnida	Trombidiformes	Arrenuridae	Arrenurus albator	Arrenurus	albator	(O.F.Müller, 1776)	4542105	NA	NA	NA
Animalia	Arthropoda	Arachnida	Trombidiformes	Arrenuridae	Arrenurus fissus	Arrenurus	fissus	K.Viets	6921963	NA	NA	NA
Animalia	Arthropoda	Arachnida	Trombidiformes	Arrenuridae	Arrenurus stecki	Arrenurus	stecki	Koenike, 1894	4542028	NA	NA	NA
Animalia	Arthropoda	Arachnida	Trombidiformes	Aturidae	Kongsbergia pectinigera	Kongsbergia	pectinigera	Motas & Tanasachi, 1946	4541383	NA	NA	NA
Animalia	Arthropoda	Arachnida	Trombidiformes	Hygrobatidae	Atractides latipalpis	Atractides	latipalpis	(Motas & Tanasachi, 1946)	4541479	NA	NA	NA
Animalia	Arthropoda	Arachnida	Trombidiformes	Hygrobatidae	Atractides scutifer	Atractides	scutifer	Lundblad, 1951	6920546	NA	NA	NA
Animalia	Arthropoda	Arachnida	Trombidiformes	Hygrobatidae	Hygrobates longiporus	Hygrobates	longiporus	Thor, 1898	5774175	NA	NA	NA
Animalia	Arthropoda	Arachnida	Trombidiformes	Unionicolidae	Neumania callosa	Neumania	callosa	(Koenike, 1895)	6924177	NA	NA	NA
Animalia	Arthropoda	Arachnida	Trombidiformes	Unionicolidae	Unionicola inusitata	Unionicola	inusitata	Koenike, 1914	4541245	NA	NA	NA
Animalia	Arthropoda	Branchiopoda	Anostraca	Thamnocephalidae	Branchinella thailandensis	Branchinella	thailandensis	Sanoamuang, Saengphan & Murugan, 2002	10004577	NA	NA	NA
Animalia	Arthropoda	Branchiopoda	Diplostraca	Daphniidae	Daphnia elongata	Daphnia	elongata	Woltereck, 1932	8297791	NA	NA	NA
Animalia	Arthropoda	Branchiopoda	Diplostraca	Sididae	Latonopsis brehmi	Latonopsis	brehmi	Petkovski, 1973	4667965	NA	NA	NA
Animalia	Arthropoda	Chilopoda	Craterostigmomorpha	Craterostigmidae	Craterostigmus crabilli	Craterostigmus	crabilli	Edgecombe & Giribet, 2008	9583927	NA	NA	NA
Animalia	Arthropoda	Diplopoda	Callipodida	Schizopetalidae	Paracortina warreni	Paracortina	warreni	(Shear, 2000)	1011736	NA	NA	NA
Animalia	Arthropoda	Diplopoda	Glomeridesmida	Glomeridesmidae	Glomeridesmus ortonedae	Glomeridesmus	ortonedae	Silvestri, 1911	6189908	NA	NA	NA
Animalia	Arthropoda	Diplopoda	Platydesmida	Platydesmidae	Platydesmus tuberculosus	Platydesmus	tuberculosus	(Attems, 1951)	4987122	NA	NA	NA
Animalia	Arthropoda	Diplopoda	Polydesmida	Chelodesmidae	Atlantodesmus teresa	Atlantodesmus	teresa	(Hoffman, 2000)	9596073	NA	NA	NA
Animalia	Arthropoda	Diplopoda	Polydesmida	Dalodesmidae	Lissodesmus bashfordi	Lissodesmus	bashfordi	Mesibov, 2006	6191410	NA	NA	NA
Animalia	Arthropoda	Diplopoda	Polydesmida	Xystodesmidae	Appalachioria eutypa	Appalachioria	eutypa	(Chamberlin, 1939)	4303131	NA	NA	NA
Animalia	Arthropoda	Diplopoda	Polydesmida	Xystodesmidae	Brachoria hendrixsoni	Brachoria	hendrixsoni	Marek, 2010	9338569	NA	NA	NA
Animalia	Arthropoda	Diplopoda	Siphonocryptida	Siphonocryptidae	Siphonocryptus latior	Siphonocryptus	latior	Enghoff & Golovatch, 1995	6185670	NA	NA	NA
Animalia	Arthropoda	Diplopoda	Siphonophorida	Siphonophoridae	Siphonophora margaritafera	Siphonophora	margaritafera	Kraus, 1957	9338978	NA	NA	NA
Animalia	Arthropoda	Diplopoda	Sphaerotheriida	Arthrosphaeridae	Sphaeromimus andohahela	Sphaeromimus	andohahela	Wesener, 2014	9585474	NA	NA	NA
Animalia	Arthropoda	Diplopoda	Spirobolida	Pachybolidae	Pachybolus arboreus	Pachybolus	arboreus	Verhoeff, 1941	6189002	NA	NA	NA
Animalia	Arthropoda	Diplopoda	Spirobolida	Rhinocricidae	Anadenobolus jibacoa	Anadenobolus	jibacoa	(Perez-Asso, 1998)	9371085	NA	NA	NA
Animalia	Arthropoda	Diplopoda	Spirostreptida	Pseudonannolenidae	Epinannolene alticola	Epinannolene	alticola	(Silvestri, 1898)	6185982	NA	NA	NA
Animalia	Arthropoda	Diplopoda	Spirostreptida	Spirostreptidae	Orthoporoides pyrhocephalus	Orthoporoides	pyrhocephalus	(L.Koch, 1865)	1026071	NA	NA	NA
Animalia	Arthropoda	Hexanauplia	Harpacticoida	Cletodidae	Acrenhydrosoma mccalli	Acrenhydrosoma	mccalli	Schizas & Shirley	9056504	NA	NA	NA
Animalia	Arthropoda	Insecta	Archaeognatha	Machilidae	Machilis longipalpus	Machilis	longipalpus	Bach, 1982	8919562	NA	NA	NA
Animalia	Arthropoda	Insecta	Blattodea	Ectobiidae	Planuncus nicaeensis	Planuncus	nicaeensis	(Brisout de Barneville, 1852)	7506535	NA	NA	NA
Animalia	Arthropoda	Insecta	Blattodea	Kalotermitidae	Calcaritermes temnocephalus	Calcaritermes	temnocephalus	(Silvestri, 1901)	9492047	NA	NA	NA
Animalia	Arthropoda	Insecta	Blattodea	Termitidae	Amitermes gracilis	Amitermes	gracilis	Gay, 1968	4803214	NA	NA	NA
Animalia	Arthropoda	Insecta	Blattodea	Termitidae	Apsenterotermes improcerus	Apsenterotermes	improcerus	Miller, 1991	4803253	NA	NA	NA
Animalia	Arthropoda	Insecta	Blattodea	Termitidae	Diversitermes diversimiles	Diversitermes	diversimiles	(Silvestri, 1901)	8821445	NA	NA	NA
Animalia	Arthropoda	Insecta	Blattodea	Termitidae	Ephelotermes taylori	Ephelotermes	taylori	(Hill, 1915)	4803379	NA	NA	NA
Animalia	Arthropoda	Insecta	Blattodea	Termitidae	Microcerotermes leai	Microcerotermes	leai	Hill, 1927	4803281	NA	NA	NA
Animalia	Arthropoda	Insecta	Blattodea	Termitidae	Nasutitermes parvonasutus	Nasutitermes	parvonasutus	(Nawa, 1911)	5888333	NA	NA	NA
Animalia	Arthropoda	Insecta	Blattodea	Termitidae	Protocapritermes krisiformis	Protocapritermes	krisiformis	(Froggatt, 1898)	4803079	NA	NA	NA
Animalia	Arthropoda	Insecta	Coleoptera	Buprestidae	Castiarina flavopicta	Castiarina	flavopicta	(Boisduval, 1835)	4727376	NA	NA	NA
Animalia	Arthropoda	Insecta	Coleoptera	Chrysomelidae	Phygasia chengi	Phygasia	chengi	Lee, 2012	8634990	NA	NA	NA
Animalia	Arthropoda	Insecta	Coleoptera	Cleridae	Eunatalis hirta	Eunatalis	hirta	Blackburn, 1890	4716508	NA	NA	NA
Animalia	Arthropoda	Insecta	Coleoptera	Curculionidae	Catasarcus lepidus	Catasarcus	lepidus	Pascoe, 1870	1234298	NA	NA	NA
Animalia	Arthropoda	Insecta	Coleoptera	Melyridae	Dasytes lombardus	Dasytes	lombardus	Fiori, 1909	4449972	NA	NA	NA
Animalia	Arthropoda	Insecta	Coleoptera	Scarabaeidae	Matthewsius rossi	Matthewsius	rossi	(Matthews, 1974)	9544468	NA	NA	NA
Animalia	Arthropoda	Insecta	Coleoptera	Staphylinidae	Atheta cadaverina	Atheta	cadaverina	(Brisout de Barneville, 1860)	6097454	NA	NA	NA
Animalia	Arthropoda	Insecta	Coleoptera	Staphylinidae	Lispinus catena	Lispinus	catena	Sharp, 1876	8450731	NA	NA	NA
Animalia	Arthropoda	Insecta	Coleoptera	Staphylinidae	Megalinus hesperius	Megalinus	hesperius	(Erichson, 1839)	9393246	NA	NA	NA
Animalia	Arthropoda	Insecta	Coleoptera	Staphylinidae	Scopaeus opacus	Scopaeus	opacus	(LeConte & J.L., 1863)	9927078	NA	NA	NA
Animalia	Arthropoda	Insecta	Coleoptera	Staphylinidae	Stenus transformis	Stenus	transformis	Puthz, 1977	4438030	NA	NA	NA
Animalia	Arthropoda	Insecta	Coleoptera	Tenebrionidae	Corticeus tenuis	Corticeus	tenuis	(LeConte, 1878)	7427154	NA	NA	NA
Animalia	Arthropoda	Insecta	Coleoptera	Tenebrionidae	Helops politus	Helops	politus	Say, 1826	9696621	NA	NA	NA
Animalia	Arthropoda	Insecta	Coleoptera	Tenebrionidae	Hymenorus thoracicus	Hymenorus	thoracicus	Fall, 1931	9709832	NA	NA	NA
Animalia	Arthropoda	Insecta	Coleoptera	Tenebrionidae	Loxostethus fasciatus	Loxostethus	fasciatus	Triplehorn, 1962	8778538	NA	NA	NA
Animalia	Arthropoda	Insecta	Coleoptera	Trogidae	Glyptotrox foveicollis	Glyptotrox	foveicollis	(Harold, 1872)	9532065	NA	NA	NA
Animalia	Arthropoda	Insecta	Dermaptera	Forficulidae	Eparchus insignis	Eparchus	insignis	(Haan, 1842)	4392928	NA	NA	NA
Animalia	Arthropoda	Insecta	Dermaptera	Pygidicranidae	Pyragropsis emarginata	Pyragropsis	emarginata	Rehn & Jag, 1916	4394400	NA	NA	NA
Animalia	Arthropoda	Insecta	Diptera	Asilidae	Laphyctis argenteofasciata	Laphyctis	argenteofasciata	Engel, 1929	9729000	NA	NA	NA
Animalia	Arthropoda	Insecta	Diptera	Calliphoridae	Calliphora latifrons	Calliphora	latifrons	Hough, 1899	1502624	NA	NA	NA
Animalia	Arthropoda	Insecta	Hemiptera	Anthocoridae	Temnostethus reduvinus	Temnostethus	reduvinus	(Herrich-Schäffer, 1850)	4487172	NA	NA	NA
Animalia	Arthropoda	Insecta	Hemiptera	Caliscelidae	Peltonotellus eous	Peltonotellus	eous	(Kusnezov, 1930)	10304698	NA	NA	NA
Animalia	Arthropoda	Insecta	Hemiptera	Cicadellidae	Agallia bidigitata	Agallia	bidigitata	Oman	9103414	NA	NA	NA
Animalia	Arthropoda	Insecta	Hemiptera	Cicadellidae	Eutettix pulchella	Eutettix	pulchella	Baker	9163628	NA	NA	NA
Animalia	Arthropoda	Insecta	Hemiptera	Coreidae	Homoeocerus marginellus	Homoeocerus	marginellus	(Herrich-Schäffer, 1840)	7799088	NA	NA	NA
Animalia	Arthropoda	Insecta	Hemiptera	Coreidae	Petascelis remipes	Petascelis	remipes	Signoret, 1847	4389993	NA	NA	NA
Animalia	Arthropoda	Insecta	Hemiptera	Corixidae	Sigara tadeuszi	Sigara	tadeuszi	(Lundblad, 1933)	4780314	NA	NA	NA
Animalia	Arthropoda	Insecta	Hemiptera	Fulgoridae	Penthicodes bimaculata	Penthicodes	bimaculata	(Schmidt, 1905)	5982430	NA	NA	NA
Animalia	Arthropoda	Insecta	Hemiptera	Heterogastridae	Dinomachus marshalli	Dinomachus	marshalli	Distant, 1901	8792819	NA	NA	NA
Animalia	Arthropoda	Insecta	Hemiptera	Lygaeidae	Graptostethus septus	Graptostethus	septus	(Germar & E.F., 1837)	8861349	NA	NA	NA
Animalia	Arthropoda	Insecta	Hemiptera	Miridae	Ausejanus vividus	Ausejanus	vividus	(Carvalho & Gross, 1982)	7891539	NA	NA	NA
Animalia	Arthropoda	Insecta	Hemiptera	Miridae	Monospatha distincta	Monospatha	distincta	Eyles & Schuh, 2003	8273816	NA	NA	NA
Animalia	Arthropoda	Insecta	Hemiptera	Miridae	Phytocoris bonaerensis	Phytocoris	bonaerensis	Berg, 1883	7559674	NA	NA	NA
Animalia	Arthropoda	Insecta	Hemiptera	Miridae	Psallus tonnaichanus	Psallus	tonnaichanus	Muramoto, 1973	8038642	NA	NA	NA
Animalia	Arthropoda	Insecta	Hemiptera	Notonectidae	Anisops paracrinitus	Anisops	paracrinitus	Brooks, 1951	4780190	NA	NA	NA
Animalia	Arthropoda	Insecta	Hemiptera	Pentatomidae	Coleotichus costatus	Coleotichus	costatus	(Fabricius, 1787)	4785046	NA	NA	NA
Animalia	Arthropoda	Insecta	Hemiptera	Reduviidae	Apiomerus montanus	Apiomerus	montanus	Berniker & Szerlip, 2011-08	9086428	NA	NA	NA
Animalia	Arthropoda	Insecta	Hymenoptera	Crabronidae	Cerceris alaope	Cerceris	alaope	Banks, 1912	7403898	NA	NA	NA
Animalia	Arthropoda	Insecta	Hymenoptera	Crabronidae	Passaloecus relativus	Passaloecus	relativus	W.Fox, 1892	8234837	NA	NA	NA
Animalia	Arthropoda	Insecta	Hymenoptera	Crabronidae	Pseneo aureolus	Pseneo	aureolus	(van Lith, 1975)	7890602	NA	NA	NA
Animalia	Arthropoda	Insecta	Hymenoptera	Crabronidae	Solierella peckhami	Solierella	peckhami	(Ashmead, 1897)	9489058	NA	NA	NA
Animalia	Arthropoda	Insecta	Hymenoptera	Mutillidae	Sphaeropthalma edwardsii	Sphaeropthalma	edwardsii	Cresson, 1875	7524724	NA	NA	NA
Animalia	Arthropoda	Insecta	Hymenoptera	Pompilidae	Evagetes argenteodecoratus	Evagetes	argenteodecoratus	(Cameron, 1904)	8412725	NA	NA	NA
Animalia	Arthropoda	Insecta	Lepidoptera	Geometridae	Chiasmia aestimaria	Chiasmia	aestimaria	(Hubner, 1809)	9220953	NA	NA	NA
Animalia	Arthropoda	Insecta	Lepidoptera	Notodontidae	Ellida viridimixta	Ellida	viridimixta	Bremer, 1861	9928794	NA	NA	NA
Animalia	Arthropoda	Insecta	Mantophasmatodea	Mantophasmatidae	Karoophasma biedouwense	Karoophasma	biedouwense	Klass, Picker, Damgaard, van Noort & Tojo, 2003	7204725	NA	NA	NA
Animalia	Arthropoda	Insecta	Psocodea	Caeciliusidae	Valenzuela pteridii	Valenzuela	pteridii	(Smithers & Courtenay, 1977)	4395693	NA	NA	NA
Animalia	Arthropoda	Insecta	Psocodea	Menoponidae	Myrsidea vinlandica	Myrsidea	vinlandica	Klockenhoff Et Schirmers, 1976	4422542	NA	NA	NA
Animalia	Arthropoda	Insecta	Thysanoptera	Phlaeothripidae	Terthrothrips parvus	Terthrothrips	parvus	Okajima, 2006	7954614	NA	NA	NA
Animalia	Arthropoda	Insecta	Thysanoptera	Thripidae	Trichromothrips antidesmae	Trichromothrips	antidesmae	Li, Li & Zhang, 2019	10114010	NA	NA	NA
Animalia	Arthropoda	Insecta	Trichoptera	Hydropsychidae	Smicridea nemtompa	Smicridea	nemtompa	Oláh & Johanson, 2012	9179092	NA	NA	NA
Animalia	Arthropoda	Malacostraca	Amphipoda	Ampithoidae	Paragrubia pilipes	Paragrubia	pilipes	(Ledoyer, 1984)	7814186	NA	NA	NA
Animalia	Arthropoda	Malacostraca	Bathynellacea	Parabathynellidae	Siambathynella laorsriae	Siambathynella	laorsriae	Camacho, Watyroiran & Brancelj, 2011	9103814	NA	NA	NA
Animalia	Arthropoda	Malacostraca	Decapoda	Cambaridae	Faxonius maletae	Faxonius	maletae	(Walls, 1972)	8832733	NA	NA	NA
Animalia	Arthropoda	Malacostraca	Decapoda	Palaemonidae	Palaemon mercedae	Palaemon	mercedae	(Pereira, 1986)	8839431	NA	NA	NA
Animalia	Arthropoda	Malacostraca	Decapoda	Platyxanthidae	Danielethus crenulatus	Danielethus	crenulatus	(A.Milne-Edwards, 1879)	8804513	NA	NA	NA
Animalia	Arthropoda	Malacostraca	Decapoda	Potamonautidae	Potamonautes mulanjeensis	Potamonautes	mulanjeensis	Daniels & Bayliss, 2012	8758873	NA	NA	NA
Animalia	Arthropoda	Malacostraca	Euphausiacea	Euphausiidae	Euphausia hauseni	Euphausia	hauseni	C.Zimmer	9118751	NA	NA	NA
Animalia	Arthropoda	Malacostraca	Isopoda	Bopyridae	Hyperphrixus filiformis	Hyperphrixus	filiformis	(Chopra, 1923)	8016200	NA	NA	NA
Animalia	Arthropoda	Malacostraca	Isopoda	Paramunnidae	Munnogonium diplonychia	Munnogonium	diplonychia	Doti & Roccatagliata, 2013	8128861	NA	NA	NA
Animalia	Arthropoda	Malacostraca	Lophogastrida	Lophogastridae	Neognathophausia ingens	Neognathophausia	ingens	(Dohrn, 1870)	2221446	NA	NA	NA
Animalia	Arthropoda	Malacostraca	Thermosbaenacea	Monodellidae	Tethysbaena graveini	Tethysbaena	graveini	Wagner	9154123	NA	NA	NA
Animalia	Arthropoda	Maxillopoda	Cephalobaenida	Cephalobaenidae	Raillietiella mediterranea	Raillietiella	mediterranea	(Hett, 1915)	7592016	NA	NA	NA
Animalia	Arthropoda	Maxillopoda	Porocephalida	Sebekidae	Leiperia gracilis	Leiperia	gracilis	(Diesing, 1836)	8014549	NA	NA	NA
Animalia	Arthropoda	Maxillopoda	Sessilia	Verrucidae	Metaverruca halotheca	Metaverruca	halotheca	(Pilsbry, 1907)	7768046	NA	NA	NA
Animalia	Arthropoda	Ostracoda	Palaeocopida	Beyrichiidae	Beyrichia pauperata	Beyrichia	pauperata	Bassler & Kellett, 1934 (Jones & Holl, 1886)	8008325	NA	NA	NA
Animalia	Arthropoda	Ostracoda	Platycopioida	Cytherellidae	Keijcyoidea cavernosa	Keijcyoidea	cavernosa	(Brady, 1868)	7707054	NA	NA	NA
Animalia	Arthropoda	Ostracoda	Podocopida	Cytherideidae	Cytheridea similis	Cytheridea	similis	Brady, 1869	9112123	NA	NA	NA
Animalia	Arthropoda	Ostracoda	Podocopida	Cytheruridae	Cytheropteron obtusaeum	Cytheropteron	obtusaeum	Hornibrook, 1952	7481660	NA	NA	NA
Animalia	Arthropoda	Ostracoda	Podocopida	Hemicytheridae	Urocythereis britannica	Urocythereis	britannica	Athersuch, 1977	4336377	NA	NA	NA
Animalia	Arthropoda	Ostracoda	Podocopida	Limnocytheridae	Paralimnocythere ochridense	Paralimnocythere	ochridense	(Klie, 1934)	8981381	NA	NA	NA
Animalia	Arthropoda	Pycnogonida	Palaeoisopoda	Palaeoisopodidae	Palaeoisopodus problematicus	Palaeoisopodus	problematicus	Boili, 1928	4338791	NA	NA	NA
Animalia	Bryozoa	Stenolaemata	Cyclostomatida	Horneridae	Frontohornera frontalis	Frontohornera	frontalis	Grischenko, Gordon & Melnik, 2018	10112492	NA	NA	NA
Animalia	Chordata	Actinopterygii	Cypriniformes	Cyprinidae	Tanakia signifer	Tanakia	signifer	(Berg, 1907)	2359397	NA	NA	NA
Animalia	Chordata	Actinopterygii	Gobiesociformes	Gobiesocidae	Acyrtus lanthanum	Acyrtus	lanthanum	Conway, Baldwin & White, 2014	8769752	NA	NA	NA
Animalia	Chordata	Actinopterygii	Mugiliformes	Mugilidae	Mugil brevirostris	Mugil	brevirostris	(Ribeiro, 1915)	9368759	NA	NA	NA
Animalia	Chordata	Actinopterygii	Perciformes	Eleotridae	Gobiomorus dormitator	Gobiomorus	dormitator	(Cuvier, 1816)	4285914	NA	NA	NA
Animalia	Chordata	Actinopterygii	Scorpaeniformes	Liparidae	Liparis bathyarcticus	Liparis	bathyarcticus	Parr, 1931	8318376	NA	NA	NA
Animalia	Chordata	Actinopterygii	Siluriformes	Loricariidae	Guyanancistrus brevispinis	Guyanancistrus	brevispinis	(Heitmans, Nijssen & Isbrücker, 1983)	2339887	NA	NA	NA
Animalia	Chordata	Amphibia	Caudata	Plethodontidae	Ixalotriton parvus	Pseudoeurycea	parva	Lynch & Wake, 1989	2431364	NA	NA	NA
Animalia	Chordata	Ascidiacea	Stolidobranchia	Styelidae	Polyandrocarpa aurorae	Polyandrocarpa	aurorae	F.Monniot, 2018	9662650	NA	NA	NA
Animalia	Chordata	Aves	Accipitriformes	Accipitridae	Clanga pomarina	Clanga	pomarina	C.L.Brehm, 1831	2480505	NA	NA	NA
Animalia	Chordata	Aves	Bucerotiformes	Bucerotidae	Lophoceros fasciatus	Lophoceros	fasciatus	(Shaw, 1811)	2475972	NA	NA	NA
Animalia	Chordata	Aves	Caprimulgiformes	Caprimulgidae	aprimulgus longipennis	aprimulgus	longipennis	(Shaw, 1796)	2496824	NA	NA	NA
Animalia	Chordata	Aves	Charadriiformes	Laridae	Larus relictus	Larus	relictus	(Lonnberg, 1931)	8179135	NA	NA	NA
Animalia	Chordata	Aves	Columbiformes	Columbidae	Geopelia maugeus	Geopelia	maugeus	(Temminck, 1809)	2495492	NA	NA	NA
Animalia	Chordata	Aves	Columbiformes	Columbidae	Megaloprepia magnifica	Megaloprepia	magnifica	(Temminck, 1821)	2495643	NA	NA	NA
Animalia	Chordata	Aves	Coraciiformes	Meropidae	Nyctyornis amictus	Nyctyornis	amictus	(Temminck, 1824)	2475461	NA	NA	NA
Animalia	Chordata	Aves	Cuculiformes	Cuculidae	Centropus milo	Centropus	milo	Gould, 1856	5231937	NA	NA	NA
Animalia	Chordata	Aves	Galliformes	Phasianidae	Argusianus argus	Argusianus	argus	(Linnaeus, 1766)	5227762	NA	NA	NA
Animalia	Chordata	Aves	Gruiformes	Rallidae	Porzana fasciata	Porzana	fasciata	(P.L.Sclater & Salvin, 1868)	2474493	NA	NA	NA
Animalia	Chordata	Aves	Musophagiformes	Musophagidae	Criniferoides leucogaster	Criniferoides	leucogaster	(Ruppell, 1842)	2475264	NA	NA	NA
Animalia	Chordata	Aves	Musophagiformes	Musophagidae	Gallirex johnstoni	Gallirex	johnstoni	(Sharpe, 1901)	2475217	NA	NA	NA
Animalia	Chordata	Aves	Musophagiformes	Musophagidae	Gallirex porphyreolophus	Gallirex	porphyreolophus	(Vigors, 1831)	2475239	NA	NA	NA
Animalia	Chordata	Aves	Otidiformes	Otididae	Heterotetrax humilis	Heterotetrax	humilis	(Blyth, 1856)	2474897	NA	NA	NA
Animalia	Chordata	Aves	Otidiformes	Otididae	Heterotetrax vigorsii	Heterotetrax	vigorsii	(A.Smith, 1831)	2474898	NA	NA	NA
Animalia	Chordata	Aves	Passeriformes	Icteridae	Molothrus aeneus	Molothrus	aeneus	(Wagler, 1829)	2484404	NA	NA	NA
Animalia	Chordata	Aves	Pelecaniformes	Threskiornithidae	Pseudibis gigantea	Pseudibis	gigantea	(Oustalet, 1877)	2480779	NA	NA	NA
Animalia	Chordata	Aves	Piciformes	Picidae	Campephilus haematogaster	Campephilus	haematogaster	(Tschudi, 1844)	2478584	NA	NA	NA
Animalia	Chordata	Aves	Piciformes	Picidae	Dryocopus martius	Dryocopus	martius	(Linnaeus, 1758)	2477872	NA	NA	NA
Animalia	Chordata	Aves	Piciformes	Picidae	Piculus chrysochloros	Piculus	chrysochloros	(Vieillot, 1818)	5228906	NA	NA	NA
Animalia	Chordata	Aves	Procellariiformes	Hydrobatidae	Hydrobates jabejabe	Oceanodroma	jabejabe	(Bocage, 1874)	6066333	NA	NA	NA
Animalia	Chordata	Aves	Procellariiformes	Procellariidae	Hydrobates leucorhous	Hydrobates	leucorhous	Temminck, 1820	8905462	NA	NA	NA
Animalia	Chordata	Aves	Psittaciformes	Psittacidae	Hapalopsittaca amazonina	Hapalopsittaca	amazonina	(Des Murs, 1845)	2479473	NA	NA	NA
Animalia	Chordata	Aves	Suliformes	Phalacrocoracidae	Leucocarbo albiventer	Leucocarbo	albiventer	(Lesson, 1831)	6066499	NA	NA	NA
Animalia	Chordata	Aves	Suliformes	Phalacrocoracidae	Leucocarbo bougainvilliorum	Leucocarbo	bougainvilliorum	Lesson, 1837	2481884	NA	NA	NA
Animalia	Chordata	Aves	Suliformes	Phalacrocoracidae	Phalacrocorax pygmaeus	Phalacrocorax	pygmaeus	(Pallas, 1773)	4848931	NA	NA	NA
Animalia	Chordata	Aves	Suliformes	Phalacrocoracidae	Urile penicillatus	Urile	penicillatus	(Brandt, 1837)	2481892	NA	NA	NA
Animalia	Chordata	Elasmobranchii	Rhinopristiformes	Rhinobatidae	Acroteriobatus leucospilus	Acroteriobatus	leucospilus	(Norman, 1926)	9514198	NA	NA	NA
Animalia	Chordata	Elasmobranchii	Squaliformes	Somniosidae	Centroscymnus plunketi	Centroscymnus	plunketi	(Waite, 1910)	2421189	NA	NA	NA
Animalia	Chordata	Mammalia	Afrosoricida	Tenrecidae	Microgale melanorrhachis	Microgale	melanorrhachis	Morrison-Scott, 1948	8834567	NA	NA	NA
Animalia	Chordata	Mammalia	Carnivora	Felidae	Felis catus	Felis	catus	Linnaeus, 1758	2435035	NA	NA	NA
Animalia	Chordata	Mammalia	Cingulata	Dasypodidae	Dasypus minutus	Dasypus	minutus	(Desmarest, 1822)	9508820	NA	NA	NA
Animalia	Chordata	Mammalia	Didelphimorphia	Didelphidae	Marmosa nesaea	Marmosa	nesaea	Thomas, 1911	8741322	NA	NA	NA
Animalia	Chordata	Mammalia	Erinaceomorpha	Erinaceidae	Atelerix spinifex	Atelerix	spinifex	Thomas, 1918	8851191	NA	NA	NA
Animalia	Chordata	Mammalia	Erinaceomorpha	Hemiechinus	Hemiechinus hypomelas	Hemiechinus	hypomelas	Anderson, 1878	8998877	NA	NA	NA
Animalia	Chordata	Mammalia	Macroscelidea	Macroscelididae	Rhynchocyon macrurus	Rhynchocyon	macrurus	Gunther, 1881	8724381	NA	NA	NA
Animalia	Chordata	Mammalia	Primates	Atelidae	Lagothrix flavicauda	Lagothrix	flavicauda	(Humboldt, 1812)	2436657	NA	NA	NA
Animalia	Chordata	Mammalia	Rodentia	Cricetidae	Oryzomys chapmani	Oryzomys	chapmani	Thomas, 1898	2438077	NA	NA	NA
Animalia	Chordata	Mammalia	Soricomorpha	Soricidae	Crocidura suavolensis	Crocidura	suavolensis	Miller, 1901	9042744	NA	NA	NA
Animalia	Chordata	Reptilia	Crocodylia	Crocodylidae	Crocodilus hartti	Crocodilus	hartti	(Marsh, 1869)	8899740	NA	NA	NA
Animalia	Chordata	Reptilia	Crocodylia	Crocodylidae	Crocodylus porosus	Crocodylus	porosus	Schneider, 1801	2441333	NA	NA	NA
Animalia	Chordata	Reptilia	Crocodylia	Crocodylidae	Crocodylus robustus	Crocodylus	robustus	(Grandidier & Vaillant, 1872)	9569666	NA	NA	NA
Animalia	Chordata	Reptilia	Crocodylia	Crocodylidae	Melitosaurus champsoides	Melitosaurus	champsoides	Owen, 1850	8442443	NA	NA	NA
Animalia	Chordata	Reptilia	Crocodylia	Crocodylidae	Tomistoma dowsoni	Tomistoma	dowsoni	Fourtau, 1918	4967610	NA	NA	NA
Animalia	Chordata	Reptilia	Crocodylia	Dyrosauridae	Hyposaurus derbianus	Hyposaurus	derbianus	Cope, 1885	8599654	NA	NA	NA
Animalia	Chordata	Reptilia	Crocodylia	Gavialidae	Gavialis pachyrhynchus	Gavialis	pachyrhynchus	Lull, 1944	4967598	NA	NA	NA
Animalia	Chordata	Reptilia	Crocodylia	Goniopholididae	Nannosuchus gracilidens	Nannosuchus	gracilidens	(Owen, 1879)	8532549	NA	NA	NA
Animalia	Chordata	Reptilia	Crocodylia	Metriorhynchidae	Steneosaurus elegans	Steneosaurus	elegans	(Wagner, 1852)	9421336	NA	NA	NA
Animalia	Chordata	Reptilia	Crocodylia	Teleosauridae	Aeolodon priscus	Aeolodon	priscus	von Soemmering, 1814	9154350	NA	NA	NA
Animalia	Chordata	Reptilia	Crocodylia	Teleosauridae	Steneosaurus durobrivensis	Steneosaurus	durobrivensis	Andrews, 1909	8673679	NA	NA	NA
Animalia	Chordata	Reptilia	Rhynchocephalia	Clevosauridae	Clevosaurus hudsoni	Clevosaurus	hudsoni	Swinton, 1939	8650582	NA	NA	NA
Animalia	Chordata	Reptilia	Rhynchocephalia	Sphenodontidae	Cynosphenodon huizachalensis	Cynosphenodon	huizachalensis	Reynoso, 1996	4982024	NA	NA	NA
Animalia	Chordata	Reptilia	Rhynchocephalia	Sphenodontidae	Homoeosaurus maximiliani	Homoeosaurus	maximiliani	von Meyer, 1847	9392438	NA	NA	NA
Animalia	Chordata	Reptilia	Rhynchocephalia	Sphenodontidae	Sphenodon punctatus	Sphenodon	punctatus	(Gray, 1842)	5227650	NA	NA	NA
Animalia	Chordata	Reptilia	Squamata	Typhlopidae	Anilios leucoproctus	Anilios	leucoproctus	(Boulenger, 1889)	9552516	NA	NA	NA
Animalia	Chordata	Reptilia	Testudines	Chelidae	Chelus fimbriata	Chelus	fimbriata	(Schneider, 1783)	2441927	NA	NA	NA
Animalia	Chordata	Reptilia	Testudines	Cheloniidae	Argillochelys athersuchi	Argillochelys	athersuchi	Moody, 1980	8837243	NA	NA	NA
Animalia	Chordata	Reptilia	Testudines	Millerettidae	Broomia perplexa	Broomia	perplexa	Watson, 1914	4965367	NA	NA	NA
Animalia	Chordata	Reptilia	Testudines	Podocnemididae	Podocnemis aegyptiaca	Podocnemis	aegyptiaca	Andrews, 1900	9100905	NA	NA	NA
Animalia	Chordata	Thaliacea	Doliolida	Doliolidae	Doliolina muelleri	Doliolina	muelleri	(Krohn, 1852)	5723863	NA	NA	NA
Animalia	Cnidaria	Anthozoa	Alcyonacea	Melithaeidae	Melithaea coccinea	Melithaea	coccinea	(Ellis & Solander, 1786)	8256118	NA	NA	NA
Animalia	Cnidaria	Anthozoa	Scleractinia	Acroporidae	Heliopora coerulea	Heliopora	coerulea	(Pallas, 1766)	2264328	NA	NA	NA
Animalia	Cnidaria	Anthozoa	Scleractinia	Astrocoeniidae	Stephanocoenia intersepta	Stephanocoenia	intersepta	(Esper, 1795)	8511967	NA	NA	NA
Animalia	Cnidaria	Anthozoa	Scleractinia	Deltocyathidae	Deltocyathus stella	Deltocyathus	stella	Cairns & Zibrowius, 1997	4880127	NA	NA	NA
Animalia	Cnidaria	Anthozoa	Scleractinia	Dendrophylliidae	Balanophyllia japonica	Balanophyllia	japonica	Cairns, 2001	11397758	NA	NA	NA
Animalia	Cnidaria	Hydrozoa	Leptothecata	Haleciidae	Halecium ralphae	Halecium	ralphae	Watson & Vervoort, 2001	4878491	NA	NA	NA
Animalia	Cnidaria	Hydrozoa	Narcomedusae	Aeginidae	Aegineta flavescens	Aegineta	flavescens	Gegenbaur, 1857	9164838	NA	NA	NA
Animalia	Cnidaria	Myxozoa	Bivalvulida	Alatasporidae	Pseudalataspora umbraculiformis	Pseudalataspora	umbraculiformis	Gaevskaja & Kovaleva, 1984	4346398	NA	NA	NA
Animalia	Cnidaria	Staurozoa	Stauromedusae	Kishinouyeidae	Calvadosia lewisi	Calvadosia	lewisi	Miranda, Branch, Collins, Hirano, Marques & Griffi	9176397	NA	NA	NA
Animalia	Echinodermata	Crinoidea	Millericrinida	Phrynocrinidae	Porphyrocrinus verrucosus	Porphyrocrinus	verrucosus	Gislén, 1925	8053551	NA	NA	NA
Animalia	Echinodermata	Holothuroidea	Holothuriida	Holothuriidae	Holothuria cyrielle	Holothuria	cyrielle	Vandenspiegel, 2016	8794087	NA	NA	NA
Animalia	Kinorhyncha	Cyclorhagida	Echinorhagata	Echinoderidae	Echinoderes isabelae	Echinoderes	isabelae	GaOrdóñez, Pardos & Benito, 2008	8048625	NA	NA	NA
Animalia	Mollusca	Bivalvia	Cardiida	Cardiidae	Cardium bomasense	Cardium	bomasense	Martin, 1917	8752960	NA	NA	NA
Animalia	Mollusca	Bivalvia	Cardiida	Tellinidae	Elliptotellina kikaizimana	Elliptotellina	kikaizimana	(Nomura & Zinbo, 1934)	9114327	NA	NA	NA
Animalia	Mollusca	Bivalvia	Mytilida	Mytilidae	Modiolus cymbaeformis	Modiolus	cymbaeformis	(J.de C.Sowerby, 1832)	9089206	NA	NA	NA
Animalia	Mollusca	Bivalvia	Ostreida	Ostreidae	Magallana angulata	Magallana	angulata	(Lamarck, 1819)	9493483	NA	NA	NA
Animalia	Mollusca	Bivalvia	Pectinida	Anomiidae	Pododesmus anitae	Pododesmus	anitae	Janse & Janssen, 1983	8890725	NA	NA	NA
Animalia	Mollusca	Bivalvia	Sphaeriida	Sphaeriidae	Pisidium raddei	Pisidium	raddei	W.Dybowski, 1902	8191858	NA	NA	NA
Animalia	Mollusca	Bivalvia	Unionida	Unionidae	Nephronaias goascoranensis	Nephronaias	goascoranensis	(Lea, 1858)	8240739	NA	NA	NA
Animalia	Mollusca	Bivalvia	Unionida	Unionidae	Venustaconcha troostensis	Venustaconcha	troostensis	(Lea, 1834)	9391459	NA	NA	NA
Animalia	Mollusca	Bivalvia	Venerida	Veneridae	Venus difficilis	Venus	difficilis	(Ortmann, 1899)	9405342	NA	NA	NA
Animalia	Mollusca	Gastropoda	Aplysiida	Aplysiidae	Phycophila euchlora	Aplysia	euchlora	(A. Adams, 1861)	10699573	NA	NA	NA
Animalia	Mollusca	Gastropoda	Architaenioglossa	Ampullariidae	Lanistes bernardianus	Lanistes	bernardianus	(Morelet, 1860)	8115794	NA	NA	NA
Animalia	Mollusca	Gastropoda	Architaenioglossa	Cyclophoridae	Cyclophorus szechwanensis	Cyclophorus	szechwanensis	Yen, 1939	8792963	NA	NA	NA
Animalia	Mollusca	Gastropoda	Architaenioglossa	Diplommatinidae	Diplommatina balansai	Diplommatina	balansai	Morlet, 1886	8842125	NA	NA	NA
Animalia	Mollusca	Gastropoda	Architaenioglossa	Diplommatinidae	Palaina subregularis	Palaina	subregularis	(Mousson, 1870)	8798965	NA	NA	NA
Animalia	Mollusca	Gastropoda	Architaenioglossa	Megalomastomatidae	Megalomastoma superbum	Megalomastoma	superbum	Torre & Bartsch, 1942	8771715	NA	NA	NA
Animalia	Mollusca	Gastropoda	Architaenioglossa	Pupinidae	Raphaulus kukenthali	Raphaulus	kükenthali	Kobelt, 1897	8867241	NA	NA	NA
Animalia	Mollusca	Gastropoda	Architaenioglossa	Viviparidae	Notopala suprafasciata	Notopala	suprafasciata	(Tryon, 1866)	10427666	NA	NA	NA
Animalia	Mollusca	Gastropoda	Cycloneritida	Helicinidae	Pleuropoma spatei	Pleuropoma	spatei	Stanisic, 2010	10287199	NA	NA	NA
Animalia	Mollusca	Gastropoda	Cycloneritida	Helicinidae	Schasicheila fragilis	Schasicheila	fragilis	Pilsbry, 1899	8984408	NA	NA	NA
Animalia	Mollusca	Gastropoda	Cycloneritida	Neritidae	Neritina squamaepicta	Neritina	squamaepicta	(Récluz, 1843)	7950513	NA	NA	NA
Animalia	Mollusca	Gastropoda	Lepetellida	Lepetodrilidae	Lepetodrilus timidus	Lepetodrilus	timidus	Warén, Johnson & Vrijenhoek, 2013	8836770	NA	NA	NA
Animalia	Mollusca	Gastropoda	Littorinimorpha	Annulariidae	Tudora megacheilos	Tudora	megacheilos	(Potiez & Michaud, 1838)	9092193	NA	NA	NA
Animalia	Mollusca	Gastropoda	Littorinimorpha	Cerithiopsidae	Joculator gorini	Joculator	gorini	Cecalupo & Perugia, 2014	7553321	NA	NA	NA
Animalia	Mollusca	Gastropoda	Littorinimorpha	Rissoinidae	Zebinella decussata	Zebinella	decussata	(Montagu, 1803)	6126219	NA	NA	NA
Animalia	Mollusca	Gastropoda	Littorinimorpha	Tornidae	Anticlimax singularis	Anticlimax	singularis	Rubio & Rolán, 2014	7733744	NA	NA	NA
Animalia	Mollusca	Gastropoda	Littorinimorpha	Tornidae	Woodringilla glyptylus	Woodringilla	glyptylus	Pilsbry & Olsson, 1951	8052529	NA	NA	NA
Animalia	Mollusca	Gastropoda	Littorinimorpha	Triviidae	Gregoia tenera	Gregoia	tenera	Fehse, 2015	7475983	NA	NA	NA
Animalia	Mollusca	Gastropoda	Neogastropoda	Fasciolariidae	Fusinus tangituensis	Fusinus	tangituensis	(Marwick, 1926)	8307119	NA	NA	NA
Animalia	Mollusca	Gastropoda	Neogastropoda	Muricidae	Limnea pallida	Limnea	pallida	Adams & C.B.	9224066	NA	NA	NA
Animalia	Mollusca	Gastropoda	Siphonariida	Siphonariidae	Siphonaria exulum	Siphonaria	exulum	Hanley, 1858	5189846	NA	NA	NA
Animalia	Mollusca	Gastropoda	Stylommatophora	Bulimulidae	Naesiotus oxylabris	Naesiotus	oxylabris	(Doering, 1879)	10179911	NA	NA	NA
Animalia	Mollusca	Gastropoda	Stylommatophora	Camaenidae	Amplirhagada storriana	Amplirhagada	storriana	Köhler, 2011	8940549	NA	NA	NA
Animalia	Mollusca	Gastropoda	Stylommatophora	Cerionidae	Cerion dallii	Cerion	dallii	(Maynard)	8893388	NA	NA	NA
Animalia	Mollusca	Gastropoda	Stylommatophora	Charopidae	Phenacohelix ziczac	Phenacohelix	ziczac	(Gould, 1846)	7524277	NA	NA	NA
Animalia	Mollusca	Gastropoda	Stylommatophora	Clausiliidae	Montenegrina tomorosi	Montenegrina	tomorosi	Brandt, 1961	8835850	NA	NA	NA
Animalia	Mollusca	Gastropoda	Stylommatophora	Clausiliidae	Steeriana cajamarcana	Steeriana	cajamarcana	Weyrauch & Zilch, 1954	8868014	NA	NA	NA
Animalia	Mollusca	Gastropoda	Stylommatophora	Gastrodontidae	Glyphyalinia solida	Glyphyalinia	solida	(H.B.Baker, 1930)	10388218	NA	NA	NA
Animalia	Mollusca	Gastropoda	Stylommatophora	Hygromiidae	Perforatella rubiginosa	Perforatella	rubiginosa	(Schmidt, 1853)	4359227	NA	NA	NA
Animalia	Mollusca	Gastropoda	Stylommatophora	Polygyridae	Linisa suprazonata	Linisa	suprazonata	(Pilsbry, 1899)	9805776	NA	NA	NA
Animalia	Mollusca	Gastropoda	Stylommatophora	Streptaxidae	Gulella maritzburgensis	Gulella	maritzburgensis	(Melvill & Ponsonby, 1893)	8863469	NA	NA	NA
Animalia	Mollusca	Gastropoda	Stylommatophora	Succineidae	Succinea kuntziana	Succinea	kuntziana	Solem, 1959	9782425	NA	NA	NA
Animalia	Mollusca	Gastropoda	Stylommatophora	Urocyclidae	Kerkophorus phaedimus	Kerkophorus	phaedimus	(Melvill & Ponsonby, 1892)	9693633	NA	NA	NA
Animalia	Mollusca	Gastropoda	Trochida	Trochidae	Trochus pachychiles	Trochus	pachychiles	Watson, 1879	8748163	NA	NA	NA
Animalia	Mollusca	Gastropoda	Umbraculida	Tylodinidae	Tylodina alfredensis	Tylodina	alfredensis	W.H.Turton, 1932	9210099	NA	NA	NA
Animalia	Nematoda	Adenophorea	Araeolaimida	Leptolaimidae	Chronogaster neotypica	Chronogaster	neotypica	Tahseen, Ahmad & Ahmad, 1994	7026437	NA	NA	NA
Animalia	Nematoda	Adenophorea	Dorylaimida	Dorylaimidae	Dorylaimus brachyuris	Dorylaimus	brachyuris	de Man, 1880	4554312	NA	NA	NA
Animalia	Nematoda	Adenophorea	Dorylaimida	Dorylaimidae	Mesodorylaimus parasubulatus	Mesodorylaimus	parasubulatus	(Meyl, 1954)	4555043	NA	NA	NA
Animalia	Nematoda	Adenophorea	Enoplida	Trischistomatidae	Tripylina tearoha	Tripylina	tearoha	Zhao, 2009	8655188	NA	NA	NA
Animalia	Nematoda	Adenophorea	Mermithida	Mermithidae	Oesophagomermis hydrophilis	Oesophagomermis	hydrophilis	Artyukhovsky & Kharchenko, 1971	4555665	NA	NA	NA
Animalia	Nematoda	Adenophorea	Mononchida	Mylonchulidae	Mylonchulus index	Mylonchulus	index	(Cobb, 1906)	4555491	NA	NA	NA
Animalia	Nematoda	Adenophorea	Trichocephalida	Trichinellidae	Trichuris lani	Trichuris	lani	(Artjuch, 1948)	4554223	NA	NA	NA
Animalia	Nematoda	Adenophorea	Triplonchida	Trichodoridae	Trichodorus variabilis	Trichodorus	variabilis	Roca, 1997	4555380	NA	NA	NA
Animalia	Nematoda	Secernentea	Aphelenchida	Aphelenchoididae	Aphelenchoides asteromucronatus	Aphelenchoides	asteromucronatus	Eroshenko, 1967	4559440	NA	NA	NA
Animalia	Nematoda	Secernentea	Ascaridida	Cucullanidae	Cucullanellus nanus	Cucullanellus	nanus	Törnquist, 1931	8791327	NA	NA	NA
Animalia	Nematoda	Secernentea	Camallanida	Camallanidae	Procamallanus crossorhombi	Procamallanus	crossorhombi	(Zaidi & Khan, 1975)	7029900	NA	NA	NA
Animalia	Nematoda	Secernentea	Oxyurida	Pharyngodonidae	Oxyuricassis coronatus	Oxyuricassis	coronatus	Rodrigues, Furtado, Melo & Santos, 2017	9487112	NA	NA	NA
Animalia	Nematoda	Secernentea	Rhabditida	Diaphanocephalidae	Kalicephalus viperae	Kalicephalus	viperae	(Rudolphi, 1819)	4559327	NA	NA	NA
Animalia	Nematoda	Secernentea	Rhabditida	Paratylenchidae	Paratylenchus macrodorus	Paratylenchus	macrodorus	Brzeski, 1963	5777126	NA	NA	NA
Animalia	Nematoda	Secernentea	Rhabditida	Subuluridae	Subulura skrjabini	Subulura	skrjabini	(Semenov, 1926)	4558681	NA	NA	NA
Animalia	Nematoda	Secernentea	Spirurida	Spiruridae	Ascarophis upeneichthys	Ascarophis	upeneichthys	Johnston & Mawson, 1945	7031158	NA	NA	NA
Animalia	Nematoda	Secernentea	Strongylida	Pseudaliidae	Stenuroides herpestis	Stenuroides	herpestis	Gerichter, 1951	4558933	NA	NA	NA
Animalia	Nematoda	Secernentea	Tylenchida	Hoplolaimidae	Rotylenchus unisexus	Rotylenchus	unisexus	Sher, 1965	4556440	NA	NA	NA
Animalia	Nematoda	Secernentea	Tylenchida	Tylenchidae	Coslenchus aquaticus	Coslenchus	aquaticus	Geraert & Raski, 1989	4556010	NA	NA	NA
Animalia	Nematomorpha	Gordioida	Gordioidea	Chordodidae	Gordionus bageli	Gordionus	bageli	Schmidt-Rhaesa & Gusich, 2010	4553915	NA	NA	NA
Animalia	Platyhelminthes	Cestoda	Bothriocephalidea	Bothriocephalidae	Bothriocephalus euryciensis	Bothriocephalus	euryciensis	Schaeffer & Self, 1978	7012759	NA	NA	NA
Animalia	Platyhelminthes	Cestoda	Caryophyllidea	Lytocestidae	Lytocestoides tanganyikae	Lytocestoides	tanganyikae	Baylis, 1928	7010045	NA	NA	NA
Animalia	Platyhelminthes	Cestoda	Diphyllidea	Echinobothriidae	Echinobothrium nagabushani	Echinobothrium	nagabushani	(Chincholikar & Shinde, 1976)	6481987	NA	NA	NA
Animalia	Platyhelminthes	Cestoda	Haplobothriidea	Haplobothriidae	Haplobothrium globuliforme	Haplobothrium	globuliforme	Cooper, 1914	7012707	NA	NA	NA
Animalia	Platyhelminthes	Cestoda	Lecanicephalidea	Polypocephalidae	Polypocephalus budhadebae	Polypocephalus	budhadebae	Jadhav, 2007	9247696	NA	NA	NA
Animalia	Platyhelminthes	Cestoda	Onchoproteocephalidea	Proteocephalidae	Ophiotaenia olor	Ophiotaenia	olor	(Ingles, 1936)	7012303	NA	NA	NA
Animalia	Platyhelminthes	Monogenea	Capsalidea	Capsalidae	Benedenia scari	Benedenia	scari	Yamaguti, 1968	7360472	NA	NA	NA
Animalia	Platyhelminthes	Monogenea	Dactylogyridea	Ancyrocephalidae	Amphithecium falcatum	Amphithecium	falcatum	Boeger & Kritsky, 1988	8769189	NA	NA	NA
Animalia	Platyhelminthes	Monogenea	Dactylogyridea	Ancyrocephalidae	Characithecium costaricense	Characithecium	costaricense	Mendoza-Franco, Reina & To (Price & Bussing, 1967)	9817859	NA	NA	NA
Animalia	Platyhelminthes	Monogenea	Dactylogyridea	Ancyrocephalidae	Enallothecium variabile	Enallothecium	variabile	Kritsky, Boeger & Jégu, 1998	10454717	NA	NA	NA
Animalia	Platyhelminthes	Monogenea	Dactylogyridea	Ancyrocephalidae	Sciadicleithrum mexicanum	Sciadicleithrum	mexicanum	Kritsky, Vidal-Martínez & Rodríguez-Canul, 1994	8780586	NA	NA	NA
Animalia	Platyhelminthes	Monogenea	Dactylogyridea	Tetraonchidae	Tetraonchus awakurai	Tetraonchus	awakurai	Ogawa & Egusa, 1978	8162237	NA	NA	NA
Animalia	Platyhelminthes	Monogenea	Gyrodactylidea	Gyrodactylidae	Gyrodactylus illigatus	Gyrodactylus	illigatus	Rogers, 1968	9092384	NA	NA	NA
Animalia	Platyhelminthes	Monogenea	Monocotylidea	Microbothriidae	Microbothrium lepidorhini	Microbothrium	lepidorhini	(Guiart, 1938)	9688327	NA	NA	NA
Animalia	Platyhelminthes	Monogenea	Polystomatidea	Polystomatidae	Polystoma uncinulatum	Polystoma	uncinulatum	Macé, 1880	7365508	NA	NA	NA
Animalia	Platyhelminthes	Trematoda	Plagiorchiida	Cryptogonimidae	Retrovarium sablae	Retrovarium	sablae	Miller & Cribb, 2007	5891296	NA	NA	NA
Animalia	Platyhelminthes	Trematoda	Plagiorchiida	Didymozoidae	Indodidymozoon moretonense	Indodidymozoon	moretonense	Anderson & Cribb, 1994	8230880	NA	NA	NA
Animalia	Platyhelminthes	Trematoda	Plagiorchiida	Encyclometridae	Polylekithum catahoulensis	Polylekithum	catahoulensis	Curran, Tkach & Overstreet, 2006	8949864	NA	NA	NA
Animalia	Platyhelminthes	Trematoda	Plagiorchiida	Gymnophallidae	Pseudogymnophallus alcae	Pseudogymnophallus	alcae	Hoberg, 1981	2503514	NA	NA	NA
Animalia	Platyhelminthes	Trematoda	Plagiorchiida	Haploporidae	Saccocoelioides cichlidorum	Saccocoelioides	cichlidorum	Garcia Varela & And (Aguirre-Macedo & Scholz, 2005)	9268780	NA	NA	NA
Animalia	Platyhelminthes	Trematoda	Plagiorchiida	Lepocreadiidae	Multitestoides chaetodoni	Multitestoides	chaetodoni	Yamaguti, 1971 (Manter, 1947)	8400839	NA	NA	NA
Animalia	Platyhelminthes	Trematoda	Plagiorchiida	Microphallidae	Levinseniella yucatanensis	Levinseniella	yucatanensis	Canaris y Lei, 1989	9207996	NA	NA	NA
Animalia	Platyhelminthes	Trematoda	Plagiorchiida	Opisthorchiidae	Amphimerus elongatus	Amphimerus	elongatus	Gower, 1938	8784778	NA	NA	NA
Animalia	Porifera	Calcarea	Clathrinida	Leucascidae	Ascaltis depressa	Ascaltis	depressa	(Dendy, 1891)	7419371	NA	NA	NA
Animalia	Porifera	Demospongiae	Haplosclerida	Niphatidae	Amphimedon anomala	Amphimedon	anomala	(Sarà, 1978)	7654005	NA	NA	NA
Animalia	Porifera	Homoscleromorpha	Homosclerophorida	Plakinidae	Aspiculophora madinina	Aspiculophora	madinina	Ruiz, Muricy, Lage, Domingos, Chenesseau & Pérez	9413932	NA	NA	NA
Fungi	Basidiomycota	Agaricomycetes	Agaricales	Agaricaceae	Cyathus gracilis	Cyathus	gracilis	H.J.Brodie	5454259	NA	NA	NA
Fungi	Basidiomycota	Agaricomycetes	Agaricales	Amanitaceae	Amanita clelandii	Amanita	clelandii	E.-J.Gilbert	5451740	NA	NA	NA
Fungi	Basidiomycota	Agaricomycetes	Agaricales	Amanitaceae	Amanita fritillaria	Amanita	fritillaria	Sacc. (Berk.)	5451711	NA	NA	NA
Fungi	Basidiomycota	Agaricomycetes	Agaricales	Amanitaceae	Amanita lavendula	Amanita	lavendula	Tulloss, K.W.Hughes, Rodrig.Cayc. & Kudzma, 2015 (Coker)	9655343	NA	NA	NA
Fungi	Basidiomycota	Agaricomycetes	Agaricales	Amanitaceae	Amanita pagetodes	Amanita	pagetodes	D.A.Reid	5452607	NA	NA	NA
Fungi	Basidiomycota	Agaricomycetes	Agaricales	Entolomataceae	Entoloma decolorans	Entoloma	decolorans	E.Horak	2539397	NA	NA	NA
Fungi	Basidiomycota	Agaricomycetes	Agaricales	Inocybaceae	Inocybe obtusiuscula	Inocybe	obtusiuscula	Kühner	3331789	NA	NA	NA
Fungi	Basidiomycota	Agaricomycetes	Agaricales	Pluteaceae	Pluteus chrysophlebius	Pluteus	chrysophlebius	Sacc. (Berk. & M.A.Curtis)	5241370	NA	NA	NA
Fungi	Basidiomycota	Agaricomycetes	Agaricales	Strophariaceae	Pholiota vialis	Pholiota	vialis	A.H.Sm. & Hesler (Murrill)	3344060	NA	NA	NA
Fungi	Basidiomycota	Agaricomycetes	Agaricales	Tubariaceae	Tubaria crenulata	Tubaria	crenulata	Murrill (Batsch)	5452858	NA	NA	NA
Fungi	Basidiomycota	Agaricomycetes	Atheliales	Atheliaceae	Cora garagoa	Cora	garagoa	Simijaca, Moncada & Lücking, 2016	9669090	NA	NA	NA
Fungi	Basidiomycota	Agaricomycetes	Boletales	Boletaceae	Chalciporus rubritubifer	Chalciporus	rubritubifer	Singer (Kauffman)	3356283	NA	NA	NA
Fungi	Basidiomycota	Agaricomycetes	Boletales	Sclerodermataceae	Scleroderma radicans	Scleroderma	radicans	Lloyd	5460834	NA	NA	NA
Fungi	Basidiomycota	Agaricomycetes	Corticiales	Corticiaceae	Dendrothele cymbiformis	Dendrothele	cymbiformis	Nakasone & Burds., 2011	7702452	NA	NA	NA
Fungi	Basidiomycota	Agaricomycetes	Gloeophyllales	Gloeophyllaceae	Hispidaedalea imponens	Hispidaedalea	imponens	Y.C.Dai & S.H.He, 2014 (Ces.)	8211985	NA	NA	NA
Fungi	Basidiomycota	Agaricomycetes	Hymenochaetales	Schizoporaceae	Xylodon papillosus	Xylodon	papillosus	Riebesehl, Yurchenko & Langer, 2017 (Fr.)	9744277	NA	NA	NA
Fungi	Basidiomycota	Agaricomycetes	Phallales	Phallaceae	Colus giganteus	Colus	giganteus	Dörfelt & Bumžaa, 1986	5445906	NA	NA	NA
Fungi	Basidiomycota	Agaricomycetes	Polyporales	Polyporaceae	Lentinus tricholoma	Lentinus	tricholoma	Zmitr., 2010 (Mont.)	7924023	NA	NA	NA
Fungi	Basidiomycota	Agaricomycetes	Russulales	Russulaceae	Russula sardonia pseudorhodopus	Russula	sardonia	Romagn. ex Romagn.	7350284	NA	NA	NA
Fungi	Basidiomycota	Agaricomycetes	Russulales	Russulaceae	Russula tinctipes	Russula	tinctipes	J.Blum ex Bon	3359068	NA	NA	NA
Fungi	Basidiomycota	Agaricomycetes	Sebacinales	Sebacinaceae	Paulisebacina allantoidea	Paulisebacina	allantoidea	Oberw., Garnica K.Riess & R.Kirschner, 2014 (R.Kirschner & Oberw.)	8343865	NA	NA	NA
Fungi	Basidiomycota	Agaricomycetes	Stereopsidales	Stereopsidaceae	Stereopsis gracilistipitata	Stereopsis	gracilistipitata	Z.T.Guo, 1987	7689174	NA	NA	NA
Fungi	Basidiomycota	Agaricomycetes	Thelephorales	Thelephoraceae	Thelephora zeylanica	Thelephora	zeylanica	Corner	3352905	NA	NA	NA
Plantae	Anthocerotophyta	Anthocerotopsida	Dendrocerotales	Dendrocerotaceae	Dendroceros schiffneri	Dendroceros	schiffneri	Steph.	8746145	NA	NA	NA
Plantae	Bryophyta	Bryopsida	Archidiales	Archidiaceae	Archidium ecklonianum	Archidium	ecklonianum	Roth	8740213	NA	NA	NA
Plantae	Bryophyta	Bryopsida	Hookeriales	Hookeriaceae	Hypopterygium tenellum	Hypopterygium	tenellum	C.Muell., 1854	5837936	NA	NA	NA
Plantae	Bryophyta	Bryopsida	Pottiales	Pottiaceae	Didymodon pusillus	Didymodon	pusillus	Cardot	8845767	NA	NA	NA
Plantae	Bryophyta	Bryopsida	Pottiales	Pottiaceae	Tortula caucasica	Tortula	caucasica	Broth.	9584111	NA	NA	NA
Plantae	Marchantiophyta	Jungermanniopsida	Jungermanniales	Acrobolbaceae	Acrobolbus viridis	Acrobolbus	viridis	Briscoe & J.J.Engel (Mitt.)	9496279	NA	NA	NA
Plantae	Marchantiophyta	Jungermanniopsida	Jungermanniales	Gymnomitriaceae	Gymnomitrion miniatum	Gymnomitrion	miniatum	Lindenb. & Gottsche	8268378	NA	NA	NA
Plantae	Marchantiophyta	Jungermanniopsida	Pallaviciniales	Hymenophytaceae	Umbraculum andinum	Umbraculum	andinum	Mitt.	8747915	NA	NA	NA
Plantae	Marchantiophyta	Jungermanniopsida	Pelliales	Pelliaceae	Pellia appalachiana	Pellia	appalachiana	R.M.Schust.	4277663	NA	NA	NA
Plantae	Marchantiophyta	Jungermanniopsida	Porellales	Lejeuneaceae	Lejeunea drummondii	Lejeunea	drummondii	Taylor	8885148	NA	NA	NA
Plantae	Marchantiophyta	Jungermanniopsida	Porellales	Lejeuneaceae	Marchesinia nobilis	Marchesinia	nobilis	X.Q.Shi, R.L.Zhu & Gradst. (Gottsche)	9534575	NA	NA	NA
Plantae	Marchantiophyta	Jungermanniopsida	Porellales	Radulaceae	Radula nymannii	Radula	nymannii	Steph.	8096891	NA	NA	NA
Plantae	Marchantiophyta	Marchantiopsida	Marchantiales	Marchantiaceae	Marchantia berteroana	Marchantia	berteroana	Lehm. & Lindenb.	327478	NA	NA	NA
Plantae	Marchantiophyta	Marchantiopsida	Marchantiales	Targioniaceae	Targionia elegans	Targionia	elegans	J.B.Jack ex Müll.Frib.	9220251	NA	NA	NA
Plantae	Marchantiophyta	Marchantiopsida	Sphaerocarpales	Riellaceae	Riella trigonospora	Riella	trigonospora	Segarra & Puche	9507739	NA	NA	NA
Plantae	Rhodophyta	Bangiophyceae	Goniotrichales	Goniotrichaceae	Asterocytis wolleana	Asterocytis	wolleana	Kawaguchi & Masuda (Hariot)	9140264	NA	NA	NA
Plantae	Rhodophyta	Compsopogonophyceae	Erythropeltidales	Erythrotrichiaceae	Erythrotrichia porphyroides	Erythrotrichia	porphyroides	N.L.Gardner	2653866	NA	NA	NA
Plantae	Rhodophyta	Florideophyceae	Acrosymphytales	Acrosymphytaceae	Schimmelmannia ornata	Schimmelmannia	ornata	Schousb.	8622245	NA	NA	NA
Plantae	Rhodophyta	Florideophyceae	Balbianiales	Balbianiaceae	Balbiania investiens	Balbiania	investiens	Sirodot (Lenormand ex Kützing)	5279661	NA	NA	NA
Plantae	Rhodophyta	Florideophyceae	Balliales	Balliaceae	Ballia beckeri	Ballia	beckeri	F.Schmitz ex Mazza	5275881	NA	NA	NA
Plantae	Rhodophyta	Florideophyceae	Bonnemaisoniales	Bonnemaisoniaceae	Bonnemaisonia geniculata	Bonnemaisonia	geniculata	Gardn.	2668882	NA	NA	NA
Plantae	Rhodophyta	Florideophyceae	Ceramiales	Dasyaceae	Dasya haffiae	Dasya	haffiae	Harv.	2659101	NA	NA	NA
Plantae	Rhodophyta	Florideophyceae	Ceramiales	Rhodomelaceae	Laurencia venusta	Laurencia	venusta	Yamada	2661101	NA	NA	NA
Plantae	Rhodophyta	Florideophyceae	Ceramiales	Rhodomelaceae	Polysiphonia derbesii	Polysiphonia	derbesii	Solier ex Kütz., 1849	5277814	NA	NA	NA
Plantae	Rhodophyta	Florideophyceae	Colaconematales	Colaconemataceae	Colaconema basiramosum	Colaconema	basiramosum	M.J.Wynne & C.W.Schneid.	7617193	NA	NA	NA
Plantae	Rhodophyta	Florideophyceae	Cryptonemiales	Cryptonemiaceae	Cryptonemia peltata	Cryptonemia	peltata	E.Y.Dawson et al.	4375697	NA	NA	NA
Plantae	Rhodophyta	Florideophyceae	Entwisleiales	Entwisleiaceae	Entwisleia bella	Entwisleia	bella	F.J.Scott, G.W.Saunders & Kraft	7560067	NA	NA	NA
Plantae	Rhodophyta	Florideophyceae	Gelidiales	Pterocladiaceae	Pterocladiella nana	Pterocladiella	nana	Shimada, Horiguchi & Masuda, 2000 (Okamura)	2662948	NA	NA	NA
Plantae	Rhodophyta	Florideophyceae	Gigartinales	Gigartinaceae	Chondracanthus acicularis	Chondracanthus	acicularis	Fredericq (Roth)	5279140	NA	NA	NA
Plantae	Rhodophyta	Florideophyceae	Gracilariales	Gracilariaceae	Gracilaria spinigera	Gracilaria	spinigera	E.Y.Dawson	5278939	NA	NA	NA
Plantae	Rhodophyta	Florideophyceae	Halymeniales	Halymeniaceae	Carpopeltis prolifera	Carpopeltis	prolifera	Kawag. & Masuda (Har.)	2656574	NA	NA	NA
Plantae	Rhodophyta	Florideophyceae	Hildenbrandiales	Hildenbrandiaceae	Hildenbrandia occidentalis	Hildenbrandia	occidentalis	Setch., 1917	2665391	NA	NA	NA
Plantae	Rhodophyta	Florideophyceae	Nemaliales	Acrochaetiaceae	Audouinella macounii	Audouinella	macounii	Garbary, G.I.Hansen & Scagel (F.S.Collins)	2662598	NA	NA	NA
Plantae	Rhodophyta	Florideophyceae	Nemastomatales	Nemastomataceae	Predaea feldmannii	Predaea	feldmannii	Børgesen	2667440	NA	NA	NA
Plantae	Rhodophyta	Florideophyceae	Palmariales	Palmariaceae	Halosaccion microsporum	Halosaccion	microsporum	Rupr.	2668598	NA	NA	NA
Plantae	Rhodophyta	Florideophyceae	Peyssonneliales	Peyssonneliaceae	Peyssonnelia conchicola	Peyssonnelia	conchicola	Picc. & Grunow, 1884	2667810	NA	NA	NA
Plantae	Rhodophyta	Florideophyceae	Plocamiales	Plocamiaceae	Plocamium raphelisianum	Plocamium	raphelisianum	P.J.L.Dangeard, 1949	5278588	NA	NA	NA
Plantae	Rhodophyta	Florideophyceae	Rhodogorgonales	Rhodogorgonaceae	Rhodogorgon ramosissima	Rhodogorgon	ramosissima	J.N.Norris & Bucher, 1989	2668449	NA	NA	NA
Plantae	Rhodophyta	Florideophyceae	Rhodymeniales	Rhodymeniaceae	Halopeltis australis	Halopeltis	australis	G.W.Saunders, 2010 (J.Agardh)	8381346	NA	NA	NA
Plantae	Rhodophyta	Florideophyceae	Sebdeniales	Sebdeniaceae	Sebdenia rodrigueziana	Sebdenia	rodrigueziana	Codomier ex Parkinson, 1980 (Feldmann)	2656270	NA	NA	NA
Plantae	Rhodophyta	Florideophyceae	Thoreales	Thoreaceae	Thorea okadae	Thorea	okadae	Yamada	5279651	NA	NA	NA
Plantae	Rhodophyta	Porphyridiophyceae	Porphyridiales	Phragmonemataceae	Phragmonema sordidum	Phragmonema	sordidum	Zopf	2654004	NA	NA	NA
Plantae	Rhodophyta	Stylonematophyceae	Stylonematales	Stylonemataceae	Stylonema subcoeruleum	Stylonema	subcoeruleum	M.J.Wynne, 1985 (P.J.L.Dangeard)	5275815	NA	NA	NA
Plantae	Tracheophyta	Liliopsida	Alismatales	Araceae	Anthurium erythrospadix	Anthurium	erythrospadix	Nadruz, Camelo & Temponi	10015434	NA	NA	NA
Plantae	Tracheophyta	Liliopsida	Arecales	Arecaceae	Calamus ruptilis	Calamus	ruptilis	W.J.Baker (Becc.)	9333479	NA	NA	NA
Plantae	Tracheophyta	Liliopsida	Asparagales	Orchidaceae	Dendrobium dicuphum	Dendrobium	dicuphum	F.Muell.	5316435	NA	NA	NA
Plantae	Tracheophyta	Liliopsida	Liliales	Philesiaceae	Philageria veitchii	Philageria	veitchii	Mast.	4196207	NA	NA	NA
Plantae	Tracheophyta	Liliopsida	Liliales	Smilacaceae	Smilax obliqua	Smilax	obliqua	Duhamel	9006969	NA	NA	NA
Plantae	Tracheophyta	Liliopsida	Poales	Poaceae	Poa sejuncta	Poa	sejuncta	D.Bernátová, J.Májovský & J.Obuch	4111334	NA	NA	NA
Plantae	Tracheophyta	Magnoliopsida	Apiales	Apiaceae	Ligusticopsis involucrata	Ligusticopsis	involucrata	Lavrova (Franch.)	8134449	NA	NA	NA
Plantae	Tracheophyta	Magnoliopsida	Apiales	Apiaceae	Seseli buchtormense	Seseli	buchtormense	W.D.J.Koch	3632042	NA	NA	NA
Plantae	Tracheophyta	Magnoliopsida	Apiales	Apiaceae	Vicatia atrosanguinea	Vicatia	atrosanguinea	P.K.Mukh. & Pimenov (Kar. & Kir.)	3640732	NA	NA	NA
Plantae	Tracheophyta	Magnoliopsida	Asterales	Asteraceae	Campovassouria barbosae	Campovassouria	barbosae	H.Rob.	3094780	NA	NA	NA
Plantae	Tracheophyta	Magnoliopsida	Asterales	Asteraceae	Cassinia aureo-nitens	Cassinia	aureo-nitens	N.A.Wakef.	5691730	NA	NA	NA
Plantae	Tracheophyta	Magnoliopsida	Asterales	Asteraceae	Erigeron drummondii	Erigeron	drummondii	Greene	4217642	NA	NA	NA
Plantae	Tracheophyta	Magnoliopsida	Asterales	Asteraceae	Hieracium bindalense	Hieracium	bindalense	Omang	8852649	NA	NA	NA
Plantae	Tracheophyta	Magnoliopsida	Asterales	Asteraceae	Hieracium conspurcans	Hieracium	conspurcans	Norrl.	4226889	NA	NA	NA
Plantae	Tracheophyta	Magnoliopsida	Asterales	Asteraceae	Pentzia limnophila	Pentzia	limnophila	Magee (Merxm.)	9265904	NA	NA	NA
Plantae	Tracheophyta	Magnoliopsida	Asterales	Asteraceae	Pilosella sulphurea	Pilosella	sulphurea	F.W.Schultz & Sch.Bip.	3123011	NA	NA	NA
Plantae	Tracheophyta	Magnoliopsida	Asterales	Asteraceae	Printzia huttonii	Printzia	huttonii	Harv.	4220178	NA	NA	NA
Plantae	Tracheophyta	Magnoliopsida	Asterales	Asteraceae	Stevia collina	Stevia	collina	Gardner	3125492	NA	NA	NA
Plantae	Tracheophyta	Magnoliopsida	Asterales	Asteraceae	Taraxacum obtusilobum	Taraxacum	obtusilobum	Dahlst.	5696767	NA	NA	NA
Plantae	Tracheophyta	Magnoliopsida	Asterales	Asteraceae	Taraxacum vulpinum	Taraxacum	vulpinum	Soest	5394671	NA	NA	NA
Plantae	Tracheophyta	Magnoliopsida	Asterales	Asteraceae	Wunderlichia senae	Wunderlichia	senae	Glaz. ex Maguire & G.M.Barroso	8285299	NA	NA	NA
Plantae	Tracheophyta	Magnoliopsida	Boraginales	Boraginaceae	Cynoglossum hystrix	Cynoglossum	hystrix	Greuter & Stier	8212097	NA	NA	NA
Plantae	Tracheophyta	Magnoliopsida	Brassicales	Brassicaceae	Raphanorhyncha crassa	Raphanorhyncha	crassa	Rollins	3688146	NA	NA	NA
Plantae	Tracheophyta	Magnoliopsida	Brassicales	Brassicaceae	Rorippa madagascariense	Rorippa	madagascariense	H.Hara (DC.)	3053217	NA	NA	NA
Plantae	Tracheophyta	Magnoliopsida	Caryophyllales	Amaranthaceae	Suaeda mollis	Suaeda	mollis	Delile	3756751	NA	NA	NA
Plantae	Tracheophyta	Magnoliopsida	Caryophyllales	Caryophyllaceae	Odontostemma napuligerum	Odontostemma	napuligerum	Rabeler & W.L.Wagner (Franch.)	8852705	NA	NA	NA
Plantae	Tracheophyta	Magnoliopsida	Caryophyllales	Caryophyllaceae	Sagina alexandrae	Sagina	alexandrae	Iamonico	9440906	NA	NA	NA
Plantae	Tracheophyta	Magnoliopsida	Chloranthales	Chloranthaceae	Ascarina maheswarii	Ascarina	maheswarii	Swamy	8881389	NA	NA	NA
Plantae	Tracheophyta	Magnoliopsida	Crossosomatales	Staphyleaceae	Staphylea affinis	Staphylea	affinis	Byng & Christenh. (Merr. & L.M.Perry)	9649828	NA	NA	NA
Plantae	Tracheophyta	Magnoliopsida	Fabales	Fabaceae	Muellera variabilis	Muellera	variabilis	MJ.Silva & Amg.Azevedo (RR.Silva & Amg.Azevedo)	8071469	NA	NA	NA
Plantae	Tracheophyta	Magnoliopsida	Gentianales	Rubiaceae	Borreria carajasensis	Borreria	carajasensis	E.L.Cabral & L.M.Miguel	7809703	NA	NA	NA
Plantae	Tracheophyta	Magnoliopsida	Gentianales	Rubiaceae	Exallage auricularia	Exallage	auricularia	Bremek. (L.)	2916058	NA	NA	NA
Plantae	Tracheophyta	Magnoliopsida	Lamiales	Acanthaceae	Justicia ankaratrensis	Justicia	ankaratrensis	Benoist	3772602	NA	NA	NA
Plantae	Tracheophyta	Magnoliopsida	Lamiales	Acanthaceae	Justicia repens	Justicia	repens	L.	3769305	NA	NA	NA
Plantae	Tracheophyta	Magnoliopsida	Lamiales	Bignoniaceae	Fridericia tuberculata	Fridericia	tuberculata	L.G.Lohmann (DC.)	7737324	NA	NA	NA
Plantae	Tracheophyta	Magnoliopsida	Lamiales	Lamiaceae	Aegiphila brenesii	Aegiphila	brenesii	Hammel	8027641	NA	NA	NA
Plantae	Tracheophyta	Magnoliopsida	Lamiales	Oleaceae	Menodora hintoniorum	Menodora	hintoniorum	B.L.Turner	5549889	NA	NA	NA
Plantae	Tracheophyta	Magnoliopsida	Malpighiales	Euphorbiaceae	Manihot confertiflora	Manihot	confertiflora	M.J.Silva	8927991	NA	NA	NA
Plantae	Tracheophyta	Magnoliopsida	Malpighiales	Phyllanthaceae	Phyllanthus taitensis	Phyllanthus	taitensis	Müll.Arg.	5381833	NA	NA	NA
Plantae	Tracheophyta	Magnoliopsida	Malvales	Cistaceae	Cistus hybridus	Cistus	hybridus	Pourr.	7868182	NA	NA	NA
Plantae	Tracheophyta	Magnoliopsida	Myrtales	Melastomataceae	Heterotis fruticosa	Heterotis	fruticosa	Ver.-Lib. & G.Kadereit (Brenan)	9311236	NA	NA	NA
Plantae	Tracheophyta	Magnoliopsida	Myrtales	Myrtaceae	Melaleuca empetrifolia	Melaleuca	empetrifolia	Rchb.	5420102	NA	NA	NA
Plantae	Tracheophyta	Magnoliopsida	Myrtales	Myrtaceae	Melaleuca jonesii	Melaleuca	jonesii	Craven & R.D.Edwards	9603639	NA	NA	NA
Plantae	Tracheophyta	Magnoliopsida	Paracryphiales	Paracryphiaceae	Quintinia acutifolia	Quintinia	acutifolia	Kirk	3932810	NA	NA	NA
Plantae	Tracheophyta	Magnoliopsida	Piperales	Piperaceae	Piper leucophlebium	Piper	leucophlebium	Trel.	4189342	NA	NA	NA
Plantae	Tracheophyta	Magnoliopsida	Ranunculales	Ranunculaceae	Ranunculus millanii	Ranunculus	millanii	F.Muell.	3922211	NA	NA	NA
Plantae	Tracheophyta	Magnoliopsida	Rosales	Rosaceae	Hedlundia subpinnata	Hedlundia	subpinnata	Sennikov & Kurtto (Hedl.)	9621217	NA	NA	NA
Plantae	Tracheophyta	Magnoliopsida	Solanales	Convolvulaceae	Distimake ternifoliolus	Distimake	ternifoliolus	A.R.Simões & Staples (Pittier)	9462153	NA	NA	NA
Plantae	Tracheophyta	Magnoliopsida	Solanales	Solanaceae	Solanum kurzii	Solanum	kurzii	Brace ex Prain	2930117	NA	NA	NA
Plantae	Tracheophyta	Polypodiopsida	Cyatheales	Cyatheaceae	Cyathea lellingeriana	Cyathea	lellingeriana	S.Maciel & J.Prado	10094955	NA	NA	NA
Plantae	Tracheophyta	Polypodiopsida	Hymenophyllales	Hymenophyllaceae	Trichomanes subtilissinum	Trichomanes	subtilissinum	Brause	8901165	NA	NA	NA
Plantae	Tracheophyta	Polypodiopsida	Marattiales	Ptychocarpaceae	Ptychocarpus japonicus	Ptychocarpus	japonicus	Dixon	9037420	NA	NA	NA
Plantae	Tracheophyta	Polypodiopsida	Polypodiales	Thelypteridaceae	Goniopteris croatii	Goniopteris	croatii	Salino & T.E.Almeida (A.R.Sm.)	8634704	NA	NA	NA
Plantae	Tracheophyta	Polypodiopsida	Polypodiales	Thelypteridaceae	Goniopteris nicaraguensis	Goniopteris	nicaraguensis	Salino & T.E.Almeida (E.Fourn.)	8633637	NA	NA	NA
